,State,Median AQI,Year,Units,Value
6,Alabama,49.8,2007,Index (2012=100),89.882
16,Alaska,16.9,2007,Index (2012=100),91.336
26,Arizona,47.5,2007,Index (2012=100),94.958
36,Arkansas,44.8,2007,Index (2012=100),94.494
46,California,48.9,2007,Index (2012=100),89.184
56,Colorado,37.4,2007,Index (2012=100),93.399
66,Connecticut,41.2,2007,Index (2012=100),104.322
76,Delaware,50.3,2007,Index (2012=100),88.608
86,Florida,40.8,2007,Index (2012=100),95.820
96,Georgia,49.8,2007,Index (2012=100),94.370
106,Hawaii,15.7,2007,Index (2012=100),98.398
116,Idaho,27.6,2007,Index (2012=100),89.155
126,Illinois,42.5,2007,Index (2012=100),93.912
136,Indiana,50.6,2007,Index (2012=100),94.034
146,Iowa,41.4,2007,Index (2012=100),97.000
156,Kansas,33.7,2007,Index (2012=100),94.679
166,Kentucky,48.0,2007,Index (2012=100),87.775
176,Louisiana,41.6,2007,Index (2012=100),101.741
186,Maine,32.8,2007,Index (2012=100),97.407
196,Maryland,48.1,2007,Index (2012=100),88.096
206,Massachusetts,40.5,2007,Index (2012=100),89.706
216,Michigan,40.8,2007,Index (2012=100),96.155
226,Minnesota,35.6,2007,Index (2012=100),92.700
236,Mississippi,47.3,2007,Index (2012=100),92.373
246,Missouri,46.8,2007,Index (2012=100),91.327
256,Montana,22.8,2007,Index (2012=100),88.697
266,Nebraska,31.4,2007,Index (2012=100),91.527
276,Nevada,35.4,2007,Index (2012=100),90.422
286,New Hampshire,36.0,2007,Index (2012=100),93.797
296,New Jersey,42.2,2007,Index (2012=100),95.315
306,New Mexico,30.1,2007,Index (2012=100),91.458
316,New York,38.0,2007,Index (2012=100),89.929
326,North Carolina,49.9,2007,Index (2012=100),93.359
336,North Dakota,29.8,2007,Index (2012=100),74.354
346,Ohio,43.6,2007,Index (2012=100),96.752
356,Oklahoma,37.8,2007,Index (2012=100),90.832
366,Oregon,27.1,2007,Index (2012=100),87.882
376,Pennsylvania,42.5,2007,Index (2012=100),90.306
386,Rhode Island,41.0,2007,Index (2012=100),91.212
396,South Carolina,45.4,2007,Index (2012=100),92.398
406,South Dakota,33.0,2007,Index (2012=100),90.386
416,Tennessee,49.7,2007,Index (2012=100),89.576
426,Texas,39.7,2007,Index (2012=100),93.825
436,Utah,44.6,2007,Index (2012=100),92.496
446,Vermont,26.0,2007,Index (2012=100),88.293
456,Virginia,38.2,2007,Index (2012=100),91.364
466,Washington,26.7,2007,Index (2012=100),89.823
476,West Virginia,48.1,2007,Index (2012=100),93.070
486,Wisconsin,41.1,2007,Index (2012=100),94.819
496,Wyoming,31.9,2007,Index (2012=100),106.084
506,Alabama,44.3,2008,Index (2012=100),92.922
516,Alaska,14.2,2008,Index (2012=100),91.318
526,Arizona,48.2,2008,Index (2012=100),95.454
536,Arkansas,41.3,2008,Index (2012=100),93.684
546,California,50.9,2008,Index (2012=100),92.532
556,Colorado,36.1,2008,Index (2012=100),94.108
566,Connecticut,40.5,2008,Index (2012=100),105.166
576,Delaware,49.0,2008,Index (2012=100),86.475
586,Florida,39.1,2008,Index (2012=100),96.338
596,Georgia,46.6,2008,Index (2012=100),94.142
606,Hawaii,37.3,2008,Index (2012=100),97.992
616,Idaho,25.9,2008,Index (2012=100),94.813
626,Illinois,38.7,2008,Index (2012=100),93.935
636,Indiana,45.3,2008,Index (2012=100),96.264
646,Iowa,38.8,2008,Index (2012=100),95.548
656,Kansas,32.3,2008,Index (2012=100),94.739
666,Kentucky,42.9,2008,Index (2012=100),89.348
676,Louisiana,39.4,2008,Index (2012=100),100.512
686,Maine,33.7,2008,Index (2012=100),97.174
696,Maryland,45.6,2008,Index (2012=100),90.311
706,Massachusetts,41.2,2008,Index (2012=100),90.303
716,Michigan,40.3,2008,Index (2012=100),94.696
726,Minnesota,35.0,2008,Index (2012=100),93.980
736,Mississippi,44.1,2008,Index (2012=100),95.836
746,Missouri,43.1,2008,Index (2012=100),95.026
756,Montana,21.7,2008,Index (2012=100),96.046
766,Nebraska,30.8,2008,Index (2012=100),89.756
776,Nevada,33.3,2008,Index (2012=100),88.585
786,New Hampshire,36.4,2008,Index (2012=100),93.779
796,New Jersey,41.0,2008,Index (2012=100),98.098
806,New Mexico,30.3,2008,Index (2012=100),89.906
816,New York,38.1,2008,Index (2012=100),86.603
826,North Carolina,45.5,2008,Index (2012=100),98.431
836,North Dakota,31.3,2008,Index (2012=100),78.285
846,Ohio,43.2,2008,Index (2012=100),96.140
856,Oklahoma,38.5,2008,Index (2012=100),91.928
866,Oregon,32.9,2008,Index (2012=100),92.572
876,Pennsylvania,41.7,2008,Index (2012=100),92.592
886,Rhode Island,41.3,2008,Index (2012=100),88.727
896,South Carolina,42.8,2008,Index (2012=100),92.180
906,South Dakota,33.1,2008,Index (2012=100),92.450
916,Tennessee,40.9,2008,Index (2012=100),90.451
926,Texas,39.8,2008,Index (2012=100),92.502
936,Utah,43.3,2008,Index (2012=100),92.768
946,Vermont,30.2,2008,Index (2012=100),90.356
956,Virginia,35.3,2008,Index (2012=100),93.595
966,Washington,27.4,2008,Index (2012=100),91.699
976,West Virginia,42.5,2008,Index (2012=100),94.662
986,Wisconsin,39.9,2008,Index (2012=100),92.815
996,Wyoming,32.7,2008,Index (2012=100),106.892
1006,Alabama,39.5,2009,Index (2012=100),97.181
1016,Alaska,18.0,2009,Index (2012=100),104.001
1026,Arizona,45.4,2009,Index (2012=100),93.502
1036,Arkansas,39.1,2009,Index (2012=100),95.573
1046,California,47.6,2009,Index (2012=100),96.199
1056,Colorado,35.4,2009,Index (2012=100),98.977
1066,Connecticut,36.4,2009,Index (2012=100),106.289
1076,Delaware,44.0,2009,Index (2012=100),100.068
1086,Florida,38.4,2009,Index (2012=100),97.028
1096,Georgia,42.6,2009,Index (2012=100),96.916
1106,Hawaii,36.0,2009,Index (2012=100),99.756
1116,Idaho,25.0,2009,Index (2012=100),98.885
1126,Illinois,37.8,2009,Index (2012=100),96.329
1136,Indiana,43.8,2009,Index (2012=100),94.934
1146,Iowa,37.2,2009,Index (2012=100),96.093
1156,Kansas,30.4,2009,Index (2012=100),95.223
1166,Kentucky,38.6,2009,Index (2012=100),91.835
1176,Louisiana,38.6,2009,Index (2012=100),103.779
1186,Maine,32.5,2009,Index (2012=100),100.998
1196,Maryland,42.6,2009,Index (2012=100),93.123
1206,Massachusetts,37.0,2009,Index (2012=100),93.259
1216,Michigan,37.9,2009,Index (2012=100),94.353
1226,Minnesota,33.6,2009,Index (2012=100),97.140
1236,Mississippi,40.6,2009,Index (2012=100),95.653
1246,Missouri,40.1,2009,Index (2012=100),99.282
1256,Montana,25.1,2009,Index (2012=100),101.697
1266,Nebraska,26.0,2009,Index (2012=100),92.670
1276,Nevada,33.8,2009,Index (2012=100),92.802
1286,New Hampshire,34.9,2009,Index (2012=100),97.131
1296,New Jersey,37.3,2009,Index (2012=100),97.207
1306,New Mexico,29.6,2009,Index (2012=100),97.268
1316,New York,36.1,2009,Index (2012=100),94.762
1326,North Carolina,39.3,2009,Index (2012=100),100.924
1336,North Dakota,30.6,2009,Index (2012=100),82.743
1346,Ohio,40.1,2009,Index (2012=100),98.613
1356,Oklahoma,40.6,2009,Index (2012=100),94.399
1366,Oregon,30.3,2009,Index (2012=100),96.522
1376,Pennsylvania,41.6,2009,Index (2012=100),94.322
1386,Rhode Island,36.3,2009,Index (2012=100),94.170
1396,South Carolina,36.6,2009,Index (2012=100),95.536
1406,South Dakota,33.4,2009,Index (2012=100),94.734
1416,Tennessee,35.2,2009,Index (2012=100),93.534
1426,Texas,38.6,2009,Index (2012=100),97.796
1436,Utah,42.0,2009,Index (2012=100),93.389
1446,Vermont,34.3,2009,Index (2012=100),94.155
1456,Virginia,31.2,2009,Index (2012=100),98.864
1466,Washington,28.0,2009,Index (2012=100),93.140
1476,West Virginia,40.1,2009,Index (2012=100),99.177
1486,Wisconsin,36.4,2009,Index (2012=100),95.758
1496,Wyoming,30.3,2009,Index (2012=100),112.380
1506,Alabama,46.2,2010,Index (2012=100),99.876
1516,Alaska,19.8,2010,Index (2012=100),98.003
1526,Arizona,42.9,2010,Index (2012=100),95.873
1536,Arkansas,43.7,2010,Index (2012=100),99.378
1546,California,45.3,2010,Index (2012=100),98.899
1556,Colorado,36.5,2010,Index (2012=100),101.145
1566,Connecticut,39.8,2010,Index (2012=100),106.060
1576,Delaware,46.7,2010,Index (2012=100),100.739
1586,Florida,40.4,2010,Index (2012=100),98.878
1596,Georgia,46.3,2010,Index (2012=100),100.225
1606,Hawaii,40.3,2010,Index (2012=100),102.064
1616,Idaho,28.2,2010,Index (2012=100),101.757
1626,Illinois,40.2,2010,Index (2012=100),97.950
1636,Indiana,47.5,2010,Index (2012=100),100.976
1646,Iowa,39.4,2010,Index (2012=100),97.417
1656,Kansas,33.4,2010,Index (2012=100),98.595
1666,Kentucky,43.8,2010,Index (2012=100),96.827
1676,Louisiana,42.2,2010,Index (2012=100),108.742
1686,Maine,34.1,2010,Index (2012=100),102.264
1696,Maryland,46.4,2010,Index (2012=100),99.656
1706,Massachusetts,38.8,2010,Index (2012=100),97.122
1716,Michigan,38.3,2010,Index (2012=100),100.005
1726,Minnesota,33.1,2010,Index (2012=100),100.323
1736,Mississippi,44.3,2010,Index (2012=100),96.619
1746,Missouri,43.9,2010,Index (2012=100),102.278
1756,Montana,27.9,2010,Index (2012=100),100.635
1766,Nebraska,29.8,2010,Index (2012=100),95.431
1776,Nevada,32.6,2010,Index (2012=100),100.397
1786,New Hampshire,38.3,2010,Index (2012=100),99.337
1796,New Jersey,40.8,2010,Index (2012=100),100.181
1806,New Mexico,30.3,2010,Index (2012=100),99.961
1816,New York,37.1,2010,Index (2012=100),98.311
1826,North Carolina,44.1,2010,Index (2012=100),102.864
1836,North Dakota,34.4,2010,Index (2012=100),86.736
1846,Ohio,46.4,2010,Index (2012=100),100.658
1856,Oklahoma,40.2,2010,Index (2012=100),93.450
1866,Oregon,25.4,2010,Index (2012=100),98.434
1876,Pennsylvania,45.2,2010,Index (2012=100),97.285
1886,Rhode Island,39.3,2010,Index (2012=100),97.723
1896,South Carolina,40.8,2010,Index (2012=100),99.235
1906,South Dakota,34.7,2010,Index (2012=100),95.539
1916,Tennessee,41.3,2010,Index (2012=100),96.619
1926,Texas,38.2,2010,Index (2012=100),98.649
1936,Utah,41.6,2010,Index (2012=100),97.562
1946,Vermont,34.3,2010,Index (2012=100),99.046
1956,Virginia,36.1,2010,Index (2012=100),100.324
1966,Washington,23.8,2010,Index (2012=100),98.441
1976,West Virginia,43.3,2010,Index (2012=100),100.578
1986,Wisconsin,37.9,2010,Index (2012=100),98.774
1996,Wyoming,32.1,2010,Index (2012=100),107.463
2006,Alabama,42.8,2011,Index (2012=100),101.778
2016,Alaska,22.4,2011,Index (2012=100),92.795
2026,Arizona,45.8,2011,Index (2012=100),98.952
2036,Arkansas,42.8,2011,Index (2012=100),99.848
2046,California,49.4,2011,Index (2012=100),98.922
2056,Colorado,38.8,2011,Index (2012=100),100.632
2066,Connecticut,39.5,2011,Index (2012=100),100.278
2076,Delaware,44.0,2011,Index (2012=100),101.712
2086,Florida,38.7,2011,Index (2012=100),99.923
2096,Georgia,46.7,2011,Index (2012=100),101.071
2106,Hawaii,32.2,2011,Index (2012=100),102.668
2116,Idaho,25.4,2011,Index (2012=100),99.457
2126,Illinois,40.7,2011,Index (2012=100),98.833
2136,Indiana,45.7,2011,Index (2012=100),99.785
2146,Iowa,41.2,2011,Index (2012=100),97.388
2156,Kansas,35.4,2011,Index (2012=100),99.712
2166,Kentucky,42.2,2011,Index (2012=100),98.546
2176,Louisiana,42.3,2011,Index (2012=100),102.789
2186,Maine,33.1,2011,Index (2012=100),101.551
2196,Maryland,45.3,2011,Index (2012=100),99.234
2206,Massachusetts,40.1,2011,Index (2012=100),98.429
2216,Michigan,37.7,2011,Index (2012=100),99.023
2226,Minnesota,34.0,2011,Index (2012=100),100.624
2236,Mississippi,43.4,2011,Index (2012=100),98.328
2246,Missouri,45.0,2011,Index (2012=100),98.486
2256,Montana,27.5,2011,Index (2012=100),101.863
2266,Nebraska,30.3,2011,Index (2012=100),98.782
2276,Nevada,33.0,2011,Index (2012=100),100.932
2286,New Hampshire,39.1,2011,Index (2012=100),99.230
2296,New Jersey,41.4,2011,Index (2012=100),98.565
2306,New Mexico,32.6,2011,Index (2012=100),98.418
2316,New York,37.5,2011,Index (2012=100),96.617
2326,North Carolina,43.7,2011,Index (2012=100),102.041
2336,North Dakota,36.6,2011,Index (2012=100),90.809
2346,Ohio,42.6,2011,Index (2012=100),102.183
2356,Oklahoma,45.3,2011,Index (2012=100),97.828
2366,Oregon,25.8,2011,Index (2012=100),100.321
2376,Pennsylvania,44.4,2011,Index (2012=100),97.726
2386,Rhode Island,40.0,2011,Index (2012=100),99.509
2396,South Carolina,42.9,2011,Index (2012=100),101.239
2406,South Dakota,33.9,2011,Index (2012=100),98.782
2416,Tennessee,40.2,2011,Index (2012=100),97.700
2426,Texas,41.5,2011,Index (2012=100),97.786
2436,Utah,41.8,2011,Index (2012=100),101.312
2446,Vermont,31.0,2011,Index (2012=100),100.155
2456,Virginia,33.3,2011,Index (2012=100),100.467
2466,Washington,24.3,2011,Index (2012=100),98.592
2476,West Virginia,39.4,2011,Index (2012=100),101.863
2486,Wisconsin,37.4,2011,Index (2012=100),99.346
2496,Wyoming,34.2,2011,Index (2012=100),104.930
2506,Alabama,40.1,2012,Index (2012=100),100.000
2516,Alaska,22.0,2012,Index (2012=100),100.000
2526,Arizona,46.6,2012,Index (2012=100),100.000
2536,Arkansas,40.9,2012,Index (2012=100),100.000
2546,California,48.7,2012,Index (2012=100),100.000
2556,Colorado,40.3,2012,Index (2012=100),100.000
2566,Connecticut,42.4,2012,Index (2012=100),100.000
2576,Delaware,43.3,2012,Index (2012=100),100.000
2586,Florida,36.9,2012,Index (2012=100),100.000
2596,Georgia,43.0,2012,Index (2012=100),100.000
2606,Hawaii,36.2,2012,Index (2012=100),100.000
2616,Idaho,24.6,2012,Index (2012=100),100.000
2626,Illinois,41.0,2012,Index (2012=100),100.000
2636,Indiana,45.6,2012,Index (2012=100),100.000
2646,Iowa,42.4,2012,Index (2012=100),100.000
2656,Kansas,34.8,2012,Index (2012=100),100.000
2666,Kentucky,42.4,2012,Index (2012=100),100.000
2676,Louisiana,41.3,2012,Index (2012=100),100.000
2686,Maine,34.0,2012,Index (2012=100),100.000
2696,Maryland,45.3,2012,Index (2012=100),100.000
2706,Massachusetts,38.3,2012,Index (2012=100),100.000
2716,Michigan,40.2,2012,Index (2012=100),100.000
2726,Minnesota,33.4,2012,Index (2012=100),100.000
2736,Mississippi,40.5,2012,Index (2012=100),100.000
2746,Missouri,45.2,2012,Index (2012=100),100.000
2756,Montana,28.4,2012,Index (2012=100),100.000
2766,Nebraska,33.4,2012,Index (2012=100),100.000
2776,Nevada,36.2,2012,Index (2012=100),100.000
2786,New Hampshire,38.1,2012,Index (2012=100),100.000
2796,New Jersey,40.6,2012,Index (2012=100),100.000
2806,New Mexico,32.8,2012,Index (2012=100),100.000
2816,New York,36.1,2012,Index (2012=100),100.000
2826,North Carolina,40.3,2012,Index (2012=100),100.000
2836,North Dakota,36.5,2012,Index (2012=100),100.000
2846,Ohio,44.8,2012,Index (2012=100),100.000
2856,Oklahoma,43.2,2012,Index (2012=100),100.000
2866,Oregon,27.4,2012,Index (2012=100),100.000
2876,Pennsylvania,44.5,2012,Index (2012=100),100.000
2886,Rhode Island,39.0,2012,Index (2012=100),100.000
2896,South Carolina,39.6,2012,Index (2012=100),100.000
2906,South Dakota,38.9,2012,Index (2012=100),100.000
2916,Tennessee,40.2,2012,Index (2012=100),100.000
2926,Texas,40.2,2012,Index (2012=100),100.000
2936,Utah,44.1,2012,Index (2012=100),100.000
2946,Vermont,30.0,2012,Index (2012=100),100.000
2956,Virginia,32.5,2012,Index (2012=100),100.000
2966,Washington,26.3,2012,Index (2012=100),100.000
2976,West Virginia,39.9,2012,Index (2012=100),100.000
2986,Wisconsin,37.3,2012,Index (2012=100),100.000
2996,Wyoming,36.7,2012,Index (2012=100),100.000
3006,Alabama,37.4,2013,Index (2012=100),99.494
3016,Alaska,20.4,2013,Index (2012=100),93.577
3026,Arizona,44.3,2013,Index (2012=100),98.627
3036,Arkansas,37.7,2013,Index (2012=100),102.583
3046,California,49.4,2013,Index (2012=100),100.134
3056,Colorado,39.6,2013,Index (2012=100),101.697
3066,Connecticut,44.0,2013,Index (2012=100),99.447
3076,Delaware,42.0,2013,Index (2012=100),94.971
3086,Florida,35.0,2013,Index (2012=100),98.706
3096,Georgia,38.4,2013,Index (2012=100),101.330
3106,Hawaii,32.2,2013,Index (2012=100),103.266
3116,Idaho,25.5,2013,Index (2012=100),103.707
3126,Illinois,38.9,2013,Index (2012=100),98.978
3136,Indiana,43.0,2013,Index (2012=100),99.961
3146,Iowa,40.8,2013,Index (2012=100),97.114
3156,Kansas,32.4,2013,Index (2012=100),99.077
3166,Kentucky,38.5,2013,Index (2012=100),101.273
3176,Louisiana,38.6,2013,Index (2012=100),96.126
3186,Maine,34.7,2013,Index (2012=100),98.844
3196,Maryland,42.1,2013,Index (2012=100),100.381
3206,Massachusetts,38.3,2013,Index (2012=100),99.596
3216,Michigan,37.9,2013,Index (2012=100),99.751
3226,Minnesota,33.9,2013,Index (2012=100),101.522
3236,Mississippi,37.3,2013,Index (2012=100),97.914
3246,Missouri,41.9,2013,Index (2012=100),100.252
3256,Montana,27.7,2013,Index (2012=100),101.393
3266,Nebraska,27.0,2013,Index (2012=100),98.204
3276,Nevada,37.5,2013,Index (2012=100),100.067
3286,New Hampshire,37.9,2013,Index (2012=100),98.869
3296,New Jersey,39.1,2013,Index (2012=100),102.018
3306,New Mexico,33.5,2013,Index (2012=100),97.111
3316,New York,35.4,2013,Index (2012=100),97.876
3326,North Carolina,37.2,2013,Index (2012=100),101.131
3336,North Dakota,36.7,2013,Index (2012=100),101.473
3346,Ohio,40.2,2013,Index (2012=100),101.284
3356,Oklahoma,39.3,2013,Index (2012=100),101.839
3366,Oregon,31.6,2013,Index (2012=100),99.337
3376,Pennsylvania,42.5,2013,Index (2012=100),100.958
3386,Rhode Island,39.3,2013,Index (2012=100),100.046
3396,South Carolina,35.8,2013,Index (2012=100),99.541
3406,South Dakota,37.4,2013,Index (2012=100),98.668
3416,Tennessee,38.4,2013,Index (2012=100),99.349
3426,Texas,38.6,2013,Index (2012=100),102.233
3436,Utah,44.7,2013,Index (2012=100),99.515
3446,Vermont,30.2,2013,Index (2012=100),96.446
3456,Virginia,31.1,2013,Index (2012=100),102.260
3466,Washington,27.4,2013,Index (2012=100),103.317
3476,West Virginia,36.0,2013,Index (2012=100),99.842
3486,Wisconsin,35.4,2013,Index (2012=100),98.890
3496,Wyoming,36.7,2013,Index (2012=100),99.272
3506,Alabama,38.2,2014,Index (2012=100),100.082
3516,Alaska,23.4,2014,Index (2012=100),93.755
3526,Arizona,43.6,2014,Index (2012=100),99.507
3536,Arkansas,36.2,2014,Index (2012=100),103.554
3546,California,48.9,2014,Index (2012=100),101.058
3556,Colorado,36.5,2014,Index (2012=100),104.357
3566,Connecticut,41.9,2014,Index (2012=100),97.660
3576,Delaware,44.7,2014,Index (2012=100),101.753
3586,Florida,36.5,2014,Index (2012=100),98.619
3596,Georgia,40.9,2014,Index (2012=100),101.386
3606,Hawaii,30.2,2014,Index (2012=100),100.175
3616,Idaho,26.6,2014,Index (2012=100),103.494
3626,Illinois,39.0,2014,Index (2012=100),100.585
3636,Indiana,42.4,2014,Index (2012=100),101.582
3646,Iowa,38.5,2014,Index (2012=100),101.268
3656,Kansas,32.3,2014,Index (2012=100),103.047
3666,Kentucky,39.0,2014,Index (2012=100),100.105
3676,Louisiana,38.2,2014,Index (2012=100),96.836
3686,Maine,34.4,2014,Index (2012=100),100.996
3696,Maryland,43.1,2014,Index (2012=100),101.247
3706,Massachusetts,38.5,2014,Index (2012=100),99.211
3716,Michigan,38.5,2014,Index (2012=100),99.773
3726,Minnesota,31.8,2014,Index (2012=100),102.615
3736,Mississippi,38.2,2014,Index (2012=100),97.328
3746,Missouri,40.2,2014,Index (2012=100),100.403
3756,Montana,27.1,2014,Index (2012=100),103.478
3766,Nebraska,25.5,2014,Index (2012=100),103.147
3776,Nevada,41.0,2014,Index (2012=100),97.728
3786,New Hampshire,37.6,2014,Index (2012=100),101.069
3796,New Jersey,39.6,2014,Index (2012=100),100.269
3806,New Mexico,33.1,2014,Index (2012=100),101.826
3816,New York,35.2,2014,Index (2012=100),98.752
3826,North Carolina,39.8,2014,Index (2012=100),101.916
3836,North Dakota,34.9,2014,Index (2012=100),108.691
3846,Ohio,40.4,2014,Index (2012=100),104.348
3856,Oklahoma,39.0,2014,Index (2012=100),106.842
3866,Oregon,27.7,2014,Index (2012=100),99.111
3876,Pennsylvania,42.8,2014,Index (2012=100),101.715
3886,Rhode Island,37.0,2014,Index (2012=100),98.618
3896,South Carolina,38.1,2014,Index (2012=100),102.326
3906,South Dakota,33.2,2014,Index (2012=100),102.231
3916,Tennessee,38.1,2014,Index (2012=100),98.522
3926,Texas,37.7,2014,Index (2012=100),101.466
3936,Utah,41.4,2014,Index (2012=100),100.446
3946,Vermont,29.0,2014,Index (2012=100),100.096
3956,Virginia,31.8,2014,Index (2012=100),100.305
3966,Washington,25.2,2014,Index (2012=100),105.125
3976,West Virginia,35.3,2014,Index (2012=100),101.223
3986,Wisconsin,38.4,2014,Index (2012=100),99.746
3996,Wyoming,35.1,2014,Index (2012=100),97.619
4006,Alabama,39.3,2015,Index (2012=100),99.032
4016,Alaska,23.1,2015,Index (2012=100),95.518
4026,Arizona,40.5,2015,Index (2012=100),98.159
4036,Arkansas,35.1,2015,Index (2012=100),102.651
4046,California,49.4,2015,Index (2012=100),103.218
4056,Colorado,35.5,2015,Index (2012=100),107.964
4066,Connecticut,41.0,2015,Index (2012=100),100.930
4076,Delaware,43.7,2015,Index (2012=100),102.572
4086,Florida,34.7,2015,Index (2012=100),100.482
4096,Georgia,37.8,2015,Index (2012=100),103.394
4106,Hawaii,32.8,2015,Index (2012=100),103.611
4116,Idaho,24.8,2015,Index (2012=100),100.107
4126,Illinois,39.5,2015,Index (2012=100),101.209
4136,Indiana,40.0,2015,Index (2012=100),98.203
4146,Iowa,37.3,2015,Index (2012=100),104.117
4156,Kansas,32.2,2015,Index (2012=100),105.444
4166,Kentucky,39.3,2015,Index (2012=100),97.723
4176,Louisiana,36.7,2015,Index (2012=100),96.656
4186,Maine,33.8,2015,Index (2012=100),97.414
4196,Maryland,43.4,2015,Index (2012=100),103.131
4206,Massachusetts,36.2,2015,Index (2012=100),102.178
4216,Michigan,38.4,2015,Index (2012=100),99.035
4226,Minnesota,31.4,2015,Index (2012=100),101.723
4236,Mississippi,35.6,2015,Index (2012=100),97.405
4246,Missouri,39.0,2015,Index (2012=100),100.168
4256,Montana,28.5,2015,Index (2012=100),105.728
4266,Nebraska,26.0,2015,Index (2012=100),105.660
4276,Nevada,39.6,2015,Index (2012=100),97.054
4286,New Hampshire,37.4,2015,Index (2012=100),102.420
4296,New Jersey,39.6,2015,Index (2012=100),100.301
4306,New Mexico,30.2,2015,Index (2012=100),104.208
4316,New York,35.7,2015,Index (2012=100),98.033
4326,North Carolina,38.8,2015,Index (2012=100),101.861
4336,North Dakota,32.8,2015,Index (2012=100),109.502
4346,Ohio,39.1,2015,Index (2012=100),103.498
4356,Oklahoma,35.7,2015,Index (2012=100),113.823
4366,Oregon,28.9,2015,Index (2012=100),101.667
4376,Pennsylvania,42.6,2015,Index (2012=100),102.275
4386,Rhode Island,39.7,2015,Index (2012=100),98.912
4396,South Carolina,35.9,2015,Index (2012=100),101.237
4406,South Dakota,33.3,2015,Index (2012=100),103.199
4416,Tennessee,36.3,2015,Index (2012=100),100.948
4426,Texas,37.1,2015,Index (2012=100),105.263
4436,Utah,40.5,2015,Index (2012=100),102.269
4446,Vermont,29.0,2015,Index (2012=100),99.393
4456,Virginia,32.2,2015,Index (2012=100),101.396
4466,Washington,27.2,2015,Index (2012=100),106.273
4476,West Virginia,35.7,2015,Index (2012=100),101.589
4486,Wisconsin,37.6,2015,Index (2012=100),101.292
4496,Wyoming,34.8,2015,Index (2012=100),105.084
4506,Alabama,39.4,2016,Index (2012=100),98.839
4516,Alaska,24.1,2016,Index (2012=100),96.501
4526,Arizona,42.5,2016,Index (2012=100),99.867
4536,Arkansas,36.4,2016,Index (2012=100),101.932
4546,California,46.4,2016,Index (2012=100),104.136
4556,Colorado,35.2,2016,Index (2012=100),108.474
4566,Connecticut,40.2,2016,Index (2012=100),99.125
4576,Delaware,41.3,2016,Index (2012=100),93.816
4586,Florida,37.2,2016,Index (2012=100),101.491
4596,Georgia,38.5,2016,Index (2012=100),105.235
4606,Hawaii,31.8,2016,Index (2012=100),105.801
4616,Idaho,24.6,2016,Index (2012=100),102.859
4626,Illinois,38.4,2016,Index (2012=100),101.403
4636,Indiana,37.8,2016,Index (2012=100),99.373
4646,Iowa,35.6,2016,Index (2012=100),103.663
4656,Kansas,31.9,2016,Index (2012=100),111.230
4666,Kentucky,39.8,2016,Index (2012=100),97.665
4676,Louisiana,37.2,2016,Index (2012=100),97.326
4686,Maine,32.1,2016,Index (2012=100),99.163
4696,Maryland,41.2,2016,Index (2012=100),106.577
4706,Massachusetts,35.8,2016,Index (2012=100),102.093
4716,Michigan,36.7,2016,Index (2012=100),99.642
4726,Minnesota,28.6,2016,Index (2012=100),102.788
4736,Mississippi,36.9,2016,Index (2012=100),98.758
4746,Missouri,37.6,2016,Index (2012=100),100.335
4756,Montana,26.7,2016,Index (2012=100),100.499
4766,Nebraska,25.4,2016,Index (2012=100),106.601
4776,Nevada,36.8,2016,Index (2012=100),95.809
4786,New Hampshire,36.0,2016,Index (2012=100),103.594
4796,New Jersey,39.6,2016,Index (2012=100),99.756
4806,New Mexico,30.6,2016,Index (2012=100),104.174
4816,New York,34.8,2016,Index (2012=100),100.228
4826,North Carolina,39.1,2016,Index (2012=100),101.988
4836,North Dakota,29.9,2016,Index (2012=100),107.031
4846,Ohio,38.3,2016,Index (2012=100),104.281
4856,Oklahoma,36.2,2016,Index (2012=100),110.463
4866,Oregon,24.6,2016,Index (2012=100),102.382
4876,Pennsylvania,41.4,2016,Index (2012=100),103.221
4886,Rhode Island,37.0,2016,Index (2012=100),100.692
4896,South Carolina,37.3,2016,Index (2012=100),102.640
4906,South Dakota,30.9,2016,Index (2012=100),103.029
4916,Tennessee,36.6,2016,Index (2012=100),98.928
4926,Texas,36.2,2016,Index (2012=100),106.024
4936,Utah,39.5,2016,Index (2012=100),102.942
4946,Vermont,29.0,2016,Index (2012=100),100.199
4956,Virginia,30.0,2016,Index (2012=100),101.646
4966,Washington,24.1,2016,Index (2012=100),106.232
4976,West Virginia,35.4,2016,Index (2012=100),102.668
4986,Wisconsin,36.0,2016,Index (2012=100),100.869
4996,Wyoming,37.3,2016,Index (2012=100),107.354
5006,Alabama,38.4,2017,Index (2012=100),100.282
5016,Alaska,22.0,2017,Index (2012=100),97.186
5026,Arizona,44.2,2017,Index (2012=100),100.427
5036,Arkansas,37.1,2017,Index (2012=100),99.819
5046,California,49.0,2017,Index (2012=100),107.675
5056,Colorado,36.4,2017,Index (2012=100),110.334
5066,Connecticut,38.2,2017,Index (2012=100),103.381
5076,Delaware,41.3,2017,Index (2012=100),90.096
5086,Florida,37.0,2017,Index (2012=100),103.108
5096,Georgia,37.2,2017,Index (2012=100),106.480
5106,Hawaii,28.8,2017,Index (2012=100),109.022
5116,Idaho,28.4,2017,Index (2012=100),100.538
5126,Illinois,40.8,2017,Index (2012=100),101.489
5136,Indiana,38.3,2017,Index (2012=100),99.445
5146,Iowa,36.8,2017,Index (2012=100),103.292
5156,Kansas,32.6,2017,Index (2012=100),112.004
5166,Kentucky,39.5,2017,Index (2012=100),97.901
5176,Louisiana,36.4,2017,Index (2012=100),97.968
5186,Maine,33.8,2017,Index (2012=100),101.412
5196,Maryland,40.9,2017,Index (2012=100),105.596
5206,Massachusetts,37.5,2017,Index (2012=100),102.553
5216,Michigan,36.6,2017,Index (2012=100),99.966
5226,Minnesota,31.6,2017,Index (2012=100),102.887
5236,Mississippi,35.8,2017,Index (2012=100),96.758
5246,Missouri,39.8,2017,Index (2012=100),100.520
5256,Montana,30.9,2017,Index (2012=100),105.826
5266,Nebraska,28.9,2017,Index (2012=100),107.336
5276,Nevada,38.1,2017,Index (2012=100),96.374
5286,New Hampshire,36.0,2017,Index (2012=100),103.250
5296,New Jersey,38.4,2017,Index (2012=100),99.678
5306,New Mexico,31.9,2017,Index (2012=100),101.975
5316,New York,34.4,2017,Index (2012=100),100.748
5326,North Carolina,38.9,2017,Index (2012=100),103.450
5336,North Dakota,33.0,2017,Index (2012=100),109.044
5346,Ohio,37.5,2017,Index (2012=100),104.794
5356,Oklahoma,36.8,2017,Index (2012=100),109.228
5366,Oregon,28.7,2017,Index (2012=100),104.691
5376,Pennsylvania,41.5,2017,Index (2012=100),103.611
5386,Rhode Island,34.3,2017,Index (2012=100),99.253
5396,South Carolina,35.6,2017,Index (2012=100),103.211
5406,South Dakota,31.6,2017,Index (2012=100),103.464
5416,Tennessee,36.8,2017,Index (2012=100),100.381
5426,Texas,37.2,2017,Index (2012=100),106.780
5436,Utah,44.2,2017,Index (2012=100),103.442
5446,Vermont,29.2,2017,Index (2012=100),101.069
5456,Virginia,31.2,2017,Index (2012=100),102.158
5466,Washington,26.7,2017,Index (2012=100),108.315
5476,West Virginia,36.0,2017,Index (2012=100),105.810
5486,Wisconsin,37.0,2017,Index (2012=100),98.899
5496,Wyoming,38.6,2017,Index (2012=100),103.319
5506,Alabama,36.8,2018,Index (2012=100),100.965
5516,Alaska,22.0,2018,Index (2012=100),93.525
5526,Arizona,43.1,2018,Index (2012=100),101.151
5536,Arkansas,35.4,2018,Index (2012=100),100.326
5546,California,48.8,2018,Index (2012=100),109.961
5556,Colorado,39.1,2018,Index (2012=100),110.922
5566,Connecticut,37.6,2018,Index (2012=100),103.038
5576,Delaware,40.0,2018,Index (2012=100),89.669
5586,Florida,34.8,2018,Index (2012=100),102.248
5596,Georgia,34.8,2018,Index (2012=100),108.273
5606,Hawaii,27.5,2018,Index (2012=100),111.575
5616,Idaho,27.0,2018,Index (2012=100),103.014
5626,Illinois,40.7,2018,Index (2012=100),102.819
5636,Indiana,36.3,2018,Index (2012=100),102.562
5646,Iowa,38.2,2018,Index (2012=100),105.135
5656,Kansas,32.6,2018,Index (2012=100),114.401
5666,Kentucky,38.3,2018,Index (2012=100),99.483
5676,Louisiana,35.0,2018,Index (2012=100),96.793
5686,Maine,35.0,2018,Index (2012=100),103.891
5696,Maryland,39.6,2018,Index (2012=100),104.145
5706,Massachusetts,36.9,2018,Index (2012=100),105.884
5716,Michigan,36.0,2018,Index (2012=100),100.860
5726,Minnesota,32.0,2018,Index (2012=100),106.088
5736,Mississippi,36.5,2018,Index (2012=100),96.242
5746,Missouri,38.0,2018,Index (2012=100),100.980
5756,Montana,29.5,2018,Index (2012=100),103.993
5766,Nebraska,28.0,2018,Index (2012=100),109.947
5776,Nevada,37.0,2018,Index (2012=100),96.786
5786,New Hampshire,36.9,2018,Index (2012=100),105.973
5796,New Jersey,38.4,2018,Index (2012=100),101.281
5806,New Mexico,33.2,2018,Index (2012=100),102.921
5816,New York,34.0,2018,Index (2012=100),102.266
5826,North Carolina,37.8,2018,Index (2012=100),103.358
5836,North Dakota,35.0,2018,Index (2012=100),110.743
5846,Ohio,36.8,2018,Index (2012=100),105.794
5856,Oklahoma,37.5,2018,Index (2012=100),107.629
5866,Oregon,29.2,2018,Index (2012=100),107.266
5876,Pennsylvania,37.7,2018,Index (2012=100),102.092
5886,Rhode Island,35.0,2018,Index (2012=100),97.330
5896,South Carolina,33.7,2018,Index (2012=100),103.910
5906,South Dakota,32.1,2018,Index (2012=100),103.800
5916,Tennessee,35.3,2018,Index (2012=100),100.105
5926,Texas,36.2,2018,Index (2012=100),107.840
5936,Utah,44.3,2018,Index (2012=100),106.759
5946,Vermont,29.8,2018,Index (2012=100),102.202
5956,Virginia,30.2,2018,Index (2012=100),103.026
5966,Washington,25.7,2018,Index (2012=100),114.938
5976,West Virginia,33.7,2018,Index (2012=100),107.180
5986,Wisconsin,39.3,2018,Index (2012=100),102.038
5996,Wyoming,39.6,2018,Index (2012=100),102.089
6006,Alabama,39.2,2019,Index (2012=100),101.810
6016,Alaska,19.2,2019,Index (2012=100),91.484
6026,Arizona,41.8,2019,Index (2012=100),102.817
6036,Arkansas,36.2,2019,Index (2012=100),101.068
6046,California,43.8,2019,Index (2012=100),114.943
6056,Colorado,34.1,2019,Index (2012=100),115.270
6066,Connecticut,39.5,2019,Index (2012=100),105.070
6076,Delaware,42.3,2019,Index (2012=100),93.508
6086,Florida,35.8,2019,Index (2012=100),105.252
6096,Georgia,38.6,2019,Index (2012=100),110.981
6106,Hawaii,17.8,2019,Index (2012=100),111.724
6116,Idaho,24.4,2019,Index (2012=100),105.818
6126,Illinois,41.5,2019,Index (2012=100),104.536
6136,Indiana,37.1,2019,Index (2012=100),101.708
6146,Iowa,34.4,2019,Index (2012=100),104.375
6156,Kansas,32.0,2019,Index (2012=100),114.013
6166,Kentucky,40.2,2019,Index (2012=100),101.167
6176,Louisiana,35.8,2019,Index (2012=100),96.831
6186,Maine,33.7,2019,Index (2012=100),107.169
6196,Maryland,40.6,2019,Index (2012=100),105.864
6206,Massachusetts,37.5,2019,Index (2012=100),108.473
6216,Michigan,34.8,2019,Index (2012=100),101.980
6226,Minnesota,29.5,2019,Index (2012=100),106.030
6236,Mississippi,38.6,2019,Index (2012=100),96.814
6246,Missouri,37.6,2019,Index (2012=100),101.708
6256,Montana,26.4,2019,Index (2012=100),104.011
6266,Nebraska,24.9,2019,Index (2012=100),112.625
6276,Nevada,34.0,2019,Index (2012=100),96.319
6286,New Hampshire,35.4,2019,Index (2012=100),108.720
6296,New Jersey,39.4,2019,Index (2012=100),102.934
6306,New Mexico,31.2,2019,Index (2012=100),107.861
6316,New York,34.7,2019,Index (2012=100),105.474
6326,North Carolina,38.9,2019,Index (2012=100),103.011
6336,North Dakota,32.7,2019,Index (2012=100),112.065
6346,Ohio,37.5,2019,Index (2012=100),108.027
6356,Oklahoma,36.2,2019,Index (2012=100),110.231
6366,Oregon,26.7,2019,Index (2012=100),108.762
6376,Pennsylvania,38.4,2019,Index (2012=100),103.276
6386,Rhode Island,37.0,2019,Index (2012=100),98.824
6396,South Carolina,33.6,2019,Index (2012=100),105.177
6406,South Dakota,31.2,2019,Index (2012=100),103.822
6416,Tennessee,36.2,2019,Index (2012=100),101.744
6426,Texas,38.0,2019,Index (2012=100),109.994
6436,Utah,42.2,2019,Index (2012=100),109.774
6446,Vermont,29.0,2019,Index (2012=100),103.455
6456,Virginia,32.2,2019,Index (2012=100),106.714
6466,Washington,24.9,2019,Index (2012=100),117.807
6476,West Virginia,35.9,2019,Index (2012=100),107.464
6486,Wisconsin,36.2,2019,Index (2012=100),105.092
6496,Wyoming,38.8,2019,Index (2012=100),101.706
6506,Alabama,35.2,2020,Index (2012=100),102.247
6516,Alaska,15.8,2020,Index (2012=100),94.513
6526,Arizona,47.1,2020,Index (2012=100),103.853
6536,Arkansas,33.0,2020,Index (2012=100),103.715
6546,California,48.0,2020,Index (2012=100),121.868
6556,Colorado,34.6,2020,Index (2012=100),117.081
6566,Connecticut,39.1,2020,Index (2012=100),103.657
6576,Delaware,38.0,2020,Index (2012=100),98.485
6586,Florida,35.8,2020,Index (2012=100),108.209
6596,Georgia,33.1,2020,Index (2012=100),112.779
6606,Hawaii,17.2,2020,Index (2012=100),115.310
6616,Idaho,25.9,2020,Index (2012=100),103.447
6626,Illinois,39.1,2020,Index (2012=100),105.288
6636,Indiana,35.8,2020,Index (2012=100),103.778
6646,Iowa,33.9,2020,Index (2012=100),108.673
6656,Kansas,31.5,2020,Index (2012=100),118.224
6666,Kentucky,36.2,2020,Index (2012=100),102.507
6676,Louisiana,33.9,2020,Index (2012=100),99.883
6686,Maine,33.5,2020,Index (2012=100),113.428
6696,Maryland,35.7,2020,Index (2012=100),107.766
6706,Massachusetts,36.5,2020,Index (2012=100),114.369
6716,Michigan,33.6,2020,Index (2012=100),107.221
6726,Minnesota,29.4,2020,Index (2012=100),106.652
6736,Mississippi,37.2,2020,Index (2012=100),99.791
6746,Missouri,35.0,2020,Index (2012=100),104.143
6756,Montana,25.9,2020,Index (2012=100),104.907
6766,Nebraska,25.2,2020,Index (2012=100),116.245
6776,Nevada,36.2,2020,Index (2012=100),99.420
6786,New Hampshire,36.1,2020,Index (2012=100),112.569
6796,New Jersey,36.9,2020,Index (2012=100),107.283
6806,New Mexico,31.9,2020,Index (2012=100),112.539
6816,New York,33.6,2020,Index (2012=100),111.909
6826,North Carolina,33.3,2020,Index (2012=100),103.710
6836,North Dakota,33.4,2020,Index (2012=100),117.768
6846,Ohio,34.9,2020,Index (2012=100),110.123
6856,Oklahoma,37.4,2020,Index (2012=100),109.029
6866,Oregon,27.4,2020,Index (2012=100),114.009
6876,Pennsylvania,36.4,2020,Index (2012=100),107.273
6886,Rhode Island,34.3,2020,Index (2012=100),103.866
6896,South Carolina,33.6,2020,Index (2012=100),109.582
6906,South Dakota,33.1,2020,Index (2012=100),102.960
6916,Tennessee,32.4,2020,Index (2012=100),101.636
6926,Texas,35.5,2020,Index (2012=100),111.347
6936,Utah,41.3,2020,Index (2012=100),113.493
6946,Vermont,29.2,2020,Index (2012=100),108.136
6956,Virginia,28.9,2020,Index (2012=100),109.147
6966,Washington,23.8,2020,Index (2012=100),122.524
6976,West Virginia,32.2,2020,Index (2012=100),111.052
6986,Wisconsin,36.2,2020,Index (2012=100),106.124
6996,Wyoming,35.5,2020,Index (2012=100),102.549
7006,Alabama,35.5,2021,Index (2012=100),103.748
7016,Alaska,17.2,2021,Index (2012=100),91.683
7026,Arizona,48.8,2021,Index (2012=100),106.931
7036,Arkansas,35.8,2021,Index (2012=100),103.754
7046,California,47.8,2021,Index (2012=100),127.033
7056,Colorado,35.9,2021,Index (2012=100),118.745
7066,Connecticut,38.0,2021,Index (2012=100),105.171
7076,Delaware,39.7,2021,Index (2012=100),97.804
7086,Florida,36.3,2021,Index (2012=100),107.641
7096,Georgia,36.4,2021,Index (2012=100),112.361
7106,Hawaii,18.2,2021,Index (2012=100),114.436
7116,Idaho,29.5,2021,Index (2012=100),105.856
7126,Illinois,41.3,2021,Index (2012=100),108.222
7136,Indiana,37.1,2021,Index (2012=100),106.057
7146,Iowa,37.2,2021,Index (2012=100),110.940
7156,Kansas,35.0,2021,Index (2012=100),119.835
7166,Kentucky,37.9,2021,Index (2012=100),103.940
7176,Louisiana,34.5,2021,Index (2012=100),100.643
7186,Maine,33.4,2021,Index (2012=100),113.953
7196,Maryland,38.9,2021,Index (2012=100),109.150
7206,Massachusetts,36.2,2021,Index (2012=100),117.253
7216,Michigan,36.9,2021,Index (2012=100),109.224
7226,Minnesota,33.1,2021,Index (2012=100),110.580
7236,Mississippi,36.8,2021,Index (2012=100),102.687
7246,Missouri,37.0,2021,Index (2012=100),106.941
7256,Montana,30.2,2021,Index (2012=100),106.658
7266,Nebraska,29.1,2021,Index (2012=100),116.868
7276,Nevada,37.4,2021,Index (2012=100),98.450
7286,New Hampshire,35.4,2021,Index (2012=100),118.392
7296,New Jersey,38.3,2021,Index (2012=100),107.164
7306,New Mexico,33.2,2021,Index (2012=100),113.660
7316,New York,34.6,2021,Index (2012=100),113.969
7326,North Carolina,36.9,2021,Index (2012=100),106.125
7336,North Dakota,35.8,2021,Index (2012=100),118.283
7346,Ohio,37.2,2021,Index (2012=100),112.839
7356,Oklahoma,40.4,2021,Index (2012=100),109.051
7366,Oregon,27.7,2021,Index (2012=100),116.753
7376,Pennsylvania,38.3,2021,Index (2012=100),110.047
7386,Rhode Island,34.7,2021,Index (2012=100),103.044
7396,South Carolina,37.2,2021,Index (2012=100),110.376
7406,South Dakota,32.7,2021,Index (2012=100),105.057
7416,Tennessee,35.1,2021,Index (2012=100),105.871
7426,Texas,36.3,2021,Index (2012=100),112.136
7436,Utah,42.2,2021,Index (2012=100),116.955
7446,Vermont,28.5,2021,Index (2012=100),110.906
7456,Virginia,30.8,2021,Index (2012=100),111.831
7466,Washington,25.6,2021,Index (2012=100),130.319
7476,West Virginia,34.4,2021,Index (2012=100),111.171
7486,Wisconsin,38.0,2021,Index (2012=100),106.289
7496,Wyoming,35.2,2021,Index (2012=100),99.591
